cohort,period,sessions,app_opens,impressions,video_plays,completions,impression_rate,play_through_rate,completion_rate,bounce_rate
affected,post,3786,3786.0,3786.0,2573.0,981.0,1.0,0.6796090861067089,0.3812670034978624,0.3203909138932911
affected,pre,3778,3778.0,3778.0,3489.0,2246.0,1.0,0.9235044997353097,0.643737460590427,0.07649550026469032
unaffected,post,7217,7217.0,7217.0,6641.0,4232.0,1.0,0.9201884439517806,0.6372534256889023,0.07981155604821943
unaffected,pre,7334,7334.0,7334.0,6729.0,4349.0,1.0,0.9175074993182438,0.6463070292762669,0.08249250068175618
