cohort,period,active_users,sessions,app_opens,impressions,video_plays,video_completes,bounced_sessions,total_watch_seconds,plays_per_active_user,plays_per_session,completion_rate,bounce_rate,avg_watch_seconds_per_play
affected,post,621,3786,3786.0,3786.0,2573.0,981.0,1213.0,168005.0,4.143317230273752,0.6796090861067089,0.3812670034978624,0.32039091389329105,65.29537504858142
affected,pre,621,3778,3778.0,3778.0,3489.0,2246.0,289.0,559173.0,5.618357487922705,0.9235044997353097,0.643737460590427,0.07649550026469032,160.26741186586415
unaffected,post,1179,7217,7217.0,7217.0,6641.0,4232.0,576.0,1068220.0,5.632739609838847,0.9201884439517806,0.6372534256889023,0.07981155604821948,160.85228128293932
unaffected,pre,1178,7334,7334.0,7334.0,6729.0,4349.0,605.0,1064367.0,5.712224108658743,0.9175074993182438,0.6463070292762669,0.0824925006817562,158.17610343290235
